unique_id,ds,AutoETS
A,2025-07-11 00:15:00,3265.1409395082947
A,2025-07-11 00:30:00,2178.686310641795
A,2025-07-11 00:45:00,1358.9528502596083
A,2025-07-11 01:00:00,1006.8008520758368
A,2025-07-11 01:15:00,822.7047683584232
A,2025-07-11 01:30:00,721.4941442657978
A,2025-07-11 01:45:00,640.4837991269997
A,2025-07-11 02:00:00,569.4003584010516
A,2025-07-11 02:15:00,526.7325665900378
A,2025-07-11 02:30:00,478.03754359092125
A,2025-07-11 02:45:00,461.2074645324667
A,2025-07-11 03:00:00,435.90170265306176
A,2025-07-11 03:15:00,414.6830916029098
A,2025-07-11 03:30:00,398.39950438155023
A,2025-07-11 03:45:00,390.8455746076619
A,2025-07-11 04:00:00,418.7940874699646
A,2025-07-11 04:15:00,432.2476065346281
A,2025-07-11 04:30:00,487.86216378503815
A,2025-07-11 04:45:00,569.5530219888743
A,2025-07-11 05:00:00,699.824072964312
A,2025-07-11 05:15:00,882.0741589506168
A,2025-07-11 05:30:00,1154.7315320841285
A,2025-07-11 05:45:00,1454.6264970564528
A,2025-07-11 06:00:00,1816.2396187390432
A,2025-07-11 06:15:00,2237.6204092774638
A,2025-07-11 06:30:00,2717.628564751027
A,2025-07-11 06:45:00,3225.798010616819
A,2025-07-11 07:00:00,3876.591805927658
A,2025-07-11 07:15:00,4410.5268251138605
A,2025-07-11 07:30:00,5160.677557334422
A,2025-07-11 07:45:00,5686.097775915746
A,2025-07-11 08:00:00,6335.556116225728
A,2025-07-11 08:15:00,6832.17102808855
A,2025-07-11 08:30:00,7129.426440948325
A,2025-07-11 08:45:00,7382.270195641226
A,2025-07-11 09:00:00,7883.421546303223
A,2025-07-11 09:15:00,9052.008328655358
A,2025-07-11 09:30:00,9520.326301264531
A,2025-07-11 09:45:00,9634.230309059296
A,2025-07-11 10:00:00,10024.690068493719
A,2025-07-11 10:15:00,9757.85136970156
A,2025-07-11 10:30:00,9627.116305172081
A,2025-07-11 10:45:00,9488.856772746638
A,2025-07-11 11:00:00,9642.737516148143
A,2025-07-11 11:15:00,9404.68993233567
A,2025-07-11 11:30:00,9174.855658034903
A,2025-07-11 11:45:00,9068.114336167204
A,2025-07-11 12:00:00,9044.832898087941
A,2025-07-11 12:15:00,8897.876201033398
A,2025-07-11 12:30:00,8735.837869296836
A,2025-07-11 12:45:00,8842.1921255988
A,2025-07-11 13:00:00,8986.894204769362
A,2025-07-11 13:15:00,8897.24565358374
A,2025-07-11 13:30:00,8974.265778773
A,2025-07-11 13:45:00,9067.599124535349
A,2025-07-11 14:00:00,9285.6345219903
A,2025-07-11 14:15:00,9271.970535970628
A,2025-07-11 14:30:00,9192.806532748515
A,2025-07-11 14:45:00,9011.378818613272
A,2025-07-11 15:00:00,9053.9919933794
A,2025-07-11 15:15:00,9187.298886092807
A,2025-07-11 15:30:00,9061.510365714053
A,2025-07-11 15:45:00,9014.633079009309
A,2025-07-11 16:00:00,9150.548699513778
A,2025-07-11 16:15:00,9346.467733671792
A,2025-07-11 16:30:00,9482.723284710764
A,2025-07-11 16:45:00,9655.594805689307
A,2025-07-11 17:00:00,10304.171618823055
A,2025-07-11 17:15:00,10460.733997482348
A,2025-07-11 17:30:00,10395.87074053033
A,2025-07-11 17:45:00,10724.024575076184
A,2025-07-11 18:00:00,11119.503915547451
A,2025-07-11 18:15:00,11455.104820280445
A,2025-07-11 18:30:00,11877.38984138394
A,2025-07-11 18:45:00,12287.621737682135
A,2025-07-11 19:00:00,12865.070019389666
A,2025-07-11 19:15:00,13253.0701466761
A,2025-07-11 19:30:00,13576.988836750903
A,2025-07-11 19:45:00,13873.555870441656
A,2025-07-11 20:00:00,14213.254341264324
A,2025-07-11 20:15:00,14904.122107634978
A,2025-07-11 20:30:00,15131.872975243306
A,2025-07-11 20:45:00,15342.223577321573
A,2025-07-11 21:00:00,15117.135623613962
A,2025-07-11 21:15:00,14881.512532851868
A,2025-07-11 21:30:00,14311.1297904831
A,2025-07-11 21:45:00,13845.348638223213
A,2025-07-11 22:00:00,13545.396694220846
A,2025-07-11 22:15:00,12854.699443452719
A,2025-07-11 22:30:00,12117.08090587397
A,2025-07-11 22:45:00,10935.41806936999
A,2025-07-11 23:00:00,9390.907960160293
A,2025-07-11 23:15:00,7796.923252301365
A,2025-07-11 23:30:00,6331.86364464284
A,2025-07-11 23:45:00,4871.354446822961
A,2025-07-12 00:00:00,4916.283395034175
A,2025-07-12 00:15:00,3258.955889057128
A,2025-07-12 00:30:00,2174.657326257662
A,2025-07-12 00:45:00,1356.4994714994893
A,2025-07-12 01:00:00,1005.0264056472967
A,2025-07-12 01:15:00,821.2892281294271
A,2025-07-12 01:30:00,720.2822361883119
A,2025-07-12 01:45:00,639.4335230468536
A,2025-07-12 02:00:00,568.48882767605
A,2025-07-12 02:15:00,525.9093733504701
A,2025-07-12 02:30:00,477.30820115554747
A,2025-07-12 02:45:00,460.5205171631638
A,2025-07-12 03:00:00,435.26787209204474
A,2025-07-12 03:15:00,414.09444013971313
A,2025-07-12 03:30:00,397.84740431276583
A,2025-07-12 03:45:00,390.31681149796106
A,2025-07-12 04:00:00,418.2409752443619
A,2025-07-12 04:15:00,431.69029001742564
A,2025-07-12 04:30:00,487.24808669668766
A,2025-07-12 04:45:00,568.8531538912611
A,2025-07-12 05:00:00,698.9845607089974
A,2025-07-12 05:15:00,881.0411615293408
A,2025-07-12 05:30:00,1153.4113586438002
A,2025-07-12 05:45:00,1453.0029789201594
A,2025-07-12 06:00:00,1814.2606709377742
A,2025-07-12 06:15:00,2235.2402664698243
A,2025-07-12 06:30:00,2714.8065325013213
A,2025-07-12 06:45:00,3222.5278868809114
A,2025-07-12 07:00:00,3872.7553332946027
A,2025-07-12 07:15:00,4406.265669550333
A,2025-07-12 07:30:00,5155.810141893478
A,2025-07-12 07:45:00,5680.862245772771
A,2025-07-12 08:00:00,6329.861222584836
A,2025-07-12 08:15:00,6826.175685200431
A,2025-07-12 08:30:00,7123.318930751145
A,2025-07-12 08:45:00,7376.096378697179
A,2025-07-12 09:00:00,7876.98529993101
A,2025-07-12 09:15:00,9044.793652353334
A,2025-07-12 09:30:00,9512.918699357791
A,2025-07-12 09:45:00,9626.912237992281
A,2025-07-12 10:00:00,10017.256381762982
A,2025-07-12 10:15:00,9750.787525561847
A,2025-07-12 10:30:00,9620.312738488474
A,2025-07-12 10:45:00,9482.310294223385
A,2025-07-12 11:00:00,9636.242988899396
A,2025-07-12 11:15:00,9398.506281806189
A,2025-07-12 11:30:00,9168.966504580289
A,2025-07-12 11:45:00,9062.432042015538
A,2025-07-12 12:00:00,9039.299902964178
A,2025-07-12 12:15:00,8892.56247649455
A,2025-07-12 12:30:00,8730.744911158263
A,2025-07-12 12:45:00,8837.159689391723
A,2025-07-12 13:00:00,8981.900985030552
A,2025-07-12 13:15:00,8892.419742902575
A,2025-07-12 13:30:00,8969.51379219194
A,2025-07-12 13:45:00,9062.91184230691
A,2025-07-12 14:00:00,9280.948624035316
A,2025-07-12 14:15:00,9267.402750815396
A,2025-07-12 14:30:00,9188.385394764813
A,2025-07-12 14:45:00,9007.147950779085
A,2025-07-12 15:00:00,9049.842161316466
A,2025-07-12 15:15:00,9183.188047669028
A,2025-07-12 15:30:00,9057.55218841817
A,2025-07-12 15:45:00,9010.78897844025
A,2025-07-12 16:00:00,9146.739394005215
A,2025-07-12 16:15:00,9342.669356317534
A,2025-07-12 16:30:00,9478.9611395163
A,2025-07-12 16:45:00,9651.855135216543
A,2025-07-12 17:00:00,10300.27561687335
A,2025-07-12 17:15:00,10456.87281815232
A,2025-07-12 17:30:00,10392.124718128402
A,2025-07-12 17:45:00,10720.252164621143
A,2025-07-12 18:00:00,11115.685368488119
A,2025-07-12 18:15:00,11451.264536171155
A,2025-07-12 18:30:00,11873.502642070931
A,2025-07-12 18:45:00,12283.695875035231
A,2025-07-12 19:00:00,12861.057373359203
A,2025-07-12 19:15:00,13249.034746737168
A,2025-07-12 19:30:00,13572.953080770589
A,2025-07-12 19:45:00,13869.52999309183
A,2025-07-12 20:00:00,14209.227935327664
A,2025-07-12 20:15:00,14900.000357391831
A,2025-07-12 20:30:00,15127.787720278055
A,2025-07-12 20:45:00,15338.179998062127
A,2025-07-12 21:00:00,15113.246083072154
A,2025-07-12 21:15:00,14877.774638901663
A,2025-07-12 21:30:00,14307.62061652344
A,2025-07-12 21:45:00,13842.034383230744
A,2025-07-12 22:00:00,13542.231322144647
A,2025-07-12 22:15:00,12851.766889902943
A,2025-07-12 22:30:00,12114.382340214408
A,2025-07-12 22:45:00,10933.040565118527
A,2025-07-12 23:00:00,9388.914789906157
A,2025-07-12 23:15:00,7795.30773747628
A,2025-07-12 23:30:00,6330.582877753659
A,2025-07-12 23:45:00,4870.392526518306
A,2025-07-13 00:00:00,4915.335681527938
A,2025-07-13 00:15:00,3258.3425940664342
A,2025-07-13 00:30:00,2174.25781178305
A,2025-07-13 00:45:00,1356.2561883422852
A,2025-07-13 01:00:00,1004.8504429574626
A,2025-07-13 01:15:00,821.148853077495
A,2025-07-13 01:30:00,720.1620520457651
A,2025-07-13 01:45:00,639.3293655565318
A,2025-07-13 02:00:00,568.3984278362987
A,2025-07-13 02:15:00,525.8277325529746
A,2025-07-13 02:30:00,477.2358666021344
A,2025-07-13 02:45:00,460.4523858980079
A,2025-07-13 03:00:00,435.2050077136666
A,2025-07-13 03:15:00,414.0360555896355
A,2025-07-13 03:30:00,397.792644043537
A,2025-07-13 03:45:00,390.2643649638793
A,2025-07-13 04:00:00,418.18611261882046
A,2025-07-13 04:15:00,431.63500941769433
A,2025-07-13 04:30:00,487.18717495063953
A,2025-07-13 04:45:00,568.7837311910599
A,2025-07-13 05:00:00,698.9012848111215
A,2025-07-13 05:15:00,880.9386911523026
A,2025-07-13 05:30:00,1153.2803992249
A,2025-07-13 05:45:00,1452.8419257100034
A,2025-07-13 06:00:00,1814.064356193371
A,2025-07-13 06:15:00,2235.004149183492
A,2025-07-13 06:30:00,2714.5265745664283
A,2025-07-13 06:45:00,3222.203471906741
A,2025-07-13 07:00:00,3872.374728226042
A,2025-07-13 07:15:00,4405.842927477566
A,2025-07-13 07:30:00,5155.327247698126
A,2025-07-13 07:45:00,5680.34282467016
A,2025-07-13 08:00:00,6329.29622086264
A,2025-07-13 08:15:00,6825.580868320101
A,2025-07-13 08:30:00,7122.712978445833
A,2025-07-13 08:45:00,7375.4838409540025
A,2025-07-13 09:00:00,7876.346718163562
A,2025-07-13 09:15:00,9044.077829860345
A,2025-07-13 09:30:00,9512.183727600515
A,2025-07-13 09:45:00,9626.186141971544
A,2025-07-13 10:00:00,10016.518807078552
A,2025-07-13 10:15:00,9750.086640077667
A,2025-07-13 10:30:00,9619.63767174496
A,2025-07-13 10:45:00,9481.660730402671
A,2025-07-13 11:00:00,9635.59857404817
A,2025-07-13 11:15:00,9397.892708073969
A,2025-07-13 11:30:00,9168.38214734539
A,2025-07-13 11:45:00,9061.868205873818
A,2025-07-13 12:00:00,9038.750876796996
A,2025-07-13 12:15:00,8892.035203818137
A,2025-07-13 12:30:00,8730.239540845312
A,2025-07-13 12:45:00,8836.66032081761
A,2025-07-13 13:00:00,8981.405504219645
A,2025-07-13 13:15:00,8891.940860812449
A,2025-07-13 13:30:00,8969.042242353595
A,2025-07-13 13:45:00,9062.446710000928
A,2025-07-13 14:00:00,9280.483625952604
A,2025-07-13 14:15:00,9266.949470489799
A,2025-07-13 14:30:00,9187.946664022875
A,2025-07-13 14:45:00,9006.728098817857
A,2025-07-13 15:00:00,9049.430348446962
A,2025-07-13 15:15:00,9182.78010192947
A,2025-07-13 15:30:00,9057.15938995664
A,2025-07-13 15:45:00,9010.407498456389
A,2025-07-13 16:00:00,9146.361364898592
A,2025-07-13 16:15:00,9342.29240965154
A,2025-07-13 16:30:00,9478.587786505535
A,2025-07-13 16:45:00,9651.484010658995
A,2025-07-13 17:00:00,10299.88897603691
A,2025-07-13 17:15:00,10456.489631233244
A,2025-07-13 17:30:00,10391.752957693148
A,2025-07-13 17:45:00,10719.877783635784
A,2025-07-13 18:00:00,11115.306407078471
A,2025-07-13 18:15:00,11450.8834158159
A,2025-07-13 18:30:00,11873.116864031439
A,2025-07-13 18:45:00,12283.306258256709
A,2025-07-13 19:00:00,12860.659142221484
A,2025-07-13 19:15:00,13248.63425577736
A,2025-07-13 19:30:00,13572.55255288167
A,2025-07-13 19:45:00,13869.13044405356
A,2025-07-13 20:00:00,14208.828332314102
A,2025-07-13 20:15:00,14899.591290362185
A,2025-07-13 20:30:00,15127.382273791538
A,2025-07-13 20:45:00,15337.778686319629
A,2025-07-13 21:00:00,15112.860057828415
A,2025-07-13 21:15:00,14877.40366288022
A,2025-07-13 21:30:00,14307.272339208697
A,2025-07-13 21:45:00,13841.705450113826
A,2025-07-13 22:00:00,13541.917164373726
A,2025-07-13 22:15:00,12851.475838084103
A,2025-07-13 22:30:00,12114.114510566305
A,2025-07-13 22:45:00,10932.804599772195
A,2025-07-13 23:00:00,9388.716968831628
A,2025-07-13 23:15:00,7795.147398054974
A,2025-07-13 23:30:00,6330.455761632684
A,2025-07-13 23:45:00,4870.297055670259
A,2025-07-14 00:00:00,4915.241620465696
A,2025-07-14 00:15:00,3258.2817240637937
A,2025-07-14 00:30:00,2174.218159564616
A,2025-07-14 00:45:00,1356.2320421832212
A,2025-07-14 01:00:00,1004.8329783984452
A,2025-07-14 01:15:00,821.134920612658
A,2025-07-14 01:30:00,720.1501235366937
A,2025-07-14 01:45:00,639.3190277012109
A,2025-07-14 02:00:00,568.389455438337
A,2025-07-14 02:15:00,525.8196294938391
A,2025-07-14 02:30:00,477.22868719709476
A,2025-07-14 02:45:00,460.4456236675922
A,2025-07-14 03:00:00,435.1987682253424
A,2025-07-14 03:15:00,414.0302607274971
A,2025-07-14 03:30:00,397.78720889339644
A,2025-07-14 03:45:00,390.25915945076076
A,2025-07-14 04:00:00,418.180667290097
A,2025-07-14 04:15:00,431.6295225940028
A,2025-07-14 04:30:00,487.18112920272347
A,2025-07-14 04:45:00,568.7768406837603
A,2025-07-14 05:00:00,698.8930193000466
A,2025-07-14 05:15:00,880.9285204861606
A,2025-07-14 05:30:00,1153.267400867806
A,2025-07-14 05:45:00,1452.8259403745417
A,2025-07-14 06:00:00,1814.044870946302
A,2025-07-14 06:15:00,2234.9807132964856
A,2025-07-14 06:30:00,2714.498787225281
A,2025-07-14 06:45:00,3222.1712719202947
A,2025-07-14 07:00:00,3872.3369510112134
A,2025-07-14 07:15:00,4405.800967871849
A,2025-07-14 07:30:00,5155.279317584825
A,2025-07-14 07:45:00,5680.291268981541
A,2025-07-14 08:00:00,6329.240140954608
A,2025-07-14 08:15:00,6825.52182900474
A,2025-07-14 08:30:00,7122.652833801038
A,2025-07-14 08:45:00,7375.423042594761
A,2025-07-14 09:00:00,7876.283334696553
A,2025-07-14 09:15:00,9044.006779664818
A,2025-07-14 09:30:00,9512.110776636298
A,2025-07-14 09:45:00,9626.114071912005
A,2025-07-14 10:00:00,10016.445597609973
A,2025-07-14 10:15:00,9750.017072202998
A,2025-07-14 10:30:00,9619.570666501193
A,2025-07-14 10:45:00,9481.596256448829
A,2025-07-14 11:00:00,9635.534611109899
A,2025-07-14 11:15:00,9397.831806291551
A,2025-07-14 11:30:00,9168.324145469385
A,2025-07-14 11:45:00,9061.812240824935
A,2025-07-14 12:00:00,9038.696381707032
A,2025-07-14 12:15:00,8891.982867888702
A,2025-07-14 12:30:00,8730.18937885757
A,2025-07-14 12:45:00,8836.61075451227
A,2025-07-14 13:00:00,8981.356323769427
A,2025-07-14 13:15:00,8891.893327884323
A,2025-07-14 13:30:00,8968.995437177939
A,2025-07-14 13:45:00,9062.400541786094
A,2025-07-14 14:00:00,9280.437471029578
A,2025-07-14 14:15:00,9266.904478622064
A,2025-07-14 14:30:00,9187.90311629531
A,2025-07-14 14:45:00,9006.686424942549
A,2025-07-14 15:00:00,9049.38947249493
A,2025-07-14 15:15:00,9182.739609799104
A,2025-07-14 15:30:00,9057.120401301527
A,2025-07-14 15:45:00,9010.36963323692
A,2025-07-14 16:00:00,9146.323842188063
A,2025-07-14 16:15:00,9342.254994362547
A,2025-07-14 16:30:00,9478.550727899054
A,2025-07-14 16:45:00,9651.447173227352
A,2025-07-14 17:00:00,10299.850598456525
A,2025-07-14 17:15:00,10456.451596466566
A,2025-07-14 17:30:00,10391.716057090644
A,2025-07-14 17:45:00,10719.840622902488
A,2025-07-14 18:00:00,11115.268791679047
A,2025-07-14 18:15:00,11450.845586104451
A,2025-07-14 18:30:00,11873.078571985203
A,2025-07-14 18:45:00,12283.267585163623
A,2025-07-14 19:00:00,12860.619614056654
A,2025-07-14 19:15:00,13248.594503287966
A,2025-07-14 19:30:00,13572.512796711011
A,2025-07-14 19:45:00,13869.090785027767
A,2025-07-14 20:00:00,14208.788667915818
A,2025-07-14 20:15:00,14899.550686555402
A,2025-07-14 20:30:00,15127.34202934378
A,2025-07-14 20:45:00,15337.73885227087
A,2025-07-14 21:00:00,15112.821741098523
A,2025-07-14 21:15:00,14877.36683991855
A,2025-07-14 21:30:00,14307.237769302159
A,2025-07-14 21:45:00,13841.672800296437
A,2025-07-14 22:00:00,13541.885981143734
A,2025-07-14 22:15:00,12851.446948336981
A,2025-07-14 22:30:00,12114.087925839483
A,2025-07-14 22:45:00,10932.781177883959
A,2025-07-14 23:00:00,9388.697333133096
A,2025-07-14 23:15:00,7795.131482776916
A,2025-07-14 23:30:00,6330.443144093352
A,2025-07-14 23:45:00,4870.28757923653
A,2025-07-15 00:00:00,4915.232283964875
A,2025-07-15 00:15:00,3258.2756821059606
A,2025-07-15 00:30:00,2174.2142236835607
A,2025-07-15 00:45:00,1356.2296454337725
A,2025-07-15 01:00:00,1004.8312448646842
A,2025-07-15 01:15:00,821.1335376745816
A,2025-07-15 01:30:00,720.1489395112367
A,2025-07-15 01:45:00,639.3180015640424
A,2025-07-15 02:00:00,568.3885648364958
A,2025-07-15 02:15:00,525.8188251825608
A,2025-07-15 02:30:00,477.2279745677641
A,2025-07-15 02:45:00,460.4449524469749
A,2025-07-15 03:00:00,435.19814889211193
A,2025-07-15 03:15:00,414.0296855278695
A,2025-07-15 03:30:00,397.78666939878315
A,2025-07-15 03:45:00,390.2586427498941
A,2025-07-15 04:00:00,418.1801267849639
A,2025-07-15 04:15:00,431.6289779699727
A,2025-07-15 04:30:00,487.1805290995805
A,2025-07-15 04:45:00,568.776156729382
A,2025-07-15 05:00:00,698.89219886214
A,2025-07-15 05:15:00,880.9275109416507
A,2025-07-15 05:30:00,1153.266110645333
A,2025-07-15 05:45:00,1452.8243536630873
A,2025-07-15 06:00:00,1814.0429368317982
A,2025-07-15 06:15:00,2234.9783870393353
A,2025-07-15 06:30:00,2714.4960290403706
A,2025-07-15 06:45:00,3222.168075733652
A,2025-07-15 07:00:00,3872.333201225623
A,2025-07-15 07:15:00,4405.796802939476
A,2025-07-15 07:30:00,5155.274560016162
A,2025-07-15 07:45:00,5680.286151535712
A,2025-07-15 08:00:00,6329.234574431627
A,2025-07-15 08:15:00,6825.515968728656
A,2025-07-15 08:30:00,7122.646863808649
A,2025-07-15 08:45:00,7375.4170077136305
A,2025-07-15 09:00:00,7876.277043215418
A,2025-07-15 09:15:00,9043.999727178847
A,2025-07-15 09:30:00,9512.103535478122
A,2025-07-15 09:45:00,9626.106918192256
A,2025-07-15 10:00:00,10016.43833079105
A,2025-07-15 10:15:00,9750.010166850368
A,2025-07-15 10:30:00,9619.564015516358
A,2025-07-15 10:45:00,9481.589856720926
A,2025-07-15 11:00:00,9635.52826210518
A,2025-07-15 11:15:00,9397.825761138718
A,2025-07-15 11:30:00,9168.31838816277
A,2025-07-15 11:45:00,9061.806685694739
A,2025-07-15 12:00:00,9038.69097248556
A,2025-07-15 12:15:00,8891.977672986633
A,2025-07-15 12:30:00,8730.184399742138
A,2025-07-15 12:45:00,8836.605834524336
A,2025-07-15 13:00:00,8981.351442081399
A,2025-07-15 13:15:00,8891.888609730226
A,2025-07-15 13:30:00,8968.99079126077
A,2025-07-15 13:45:00,9062.395959093828
A,2025-07-15 14:00:00,9280.432889656362
A,2025-07-15 14:15:00,9266.900012694321
A,2025-07-15 14:30:00,9187.898793713768
A,2025-07-15 14:45:00,9006.682288360793
A,2025-07-15 15:00:00,9049.385415115423
A,2025-07-15 15:15:00,9182.735590517805
A,2025-07-15 15:30:00,9057.11653125616
A,2025-07-15 15:45:00,9010.365874704472
A,2025-07-15 16:00:00,9146.320117653127
A,2025-07-15 16:15:00,9342.25128049016
A,2025-07-15 16:30:00,9478.547049431074
A,2025-07-15 16:45:00,9651.443516713183
A,2025-07-15 17:00:00,10299.84678906572
A,2025-07-15 17:15:00,10456.447821103553
A,2025-07-15 17:30:00,10391.712394305547
A,2025-07-15 17:45:00,10719.836934296418
A,2025-07-15 18:00:00,11115.265057942263
A,2025-07-15 18:15:00,11450.841831094702
A,2025-07-15 18:30:00,11873.074771083542
A,2025-07-15 18:45:00,12283.263746438759
A,2025-07-15 19:00:00,12860.615690456463
B,2025-07-11 00:15:00,0.0
B,2025-07-11 00:30:00,0.0
B,2025-07-11 00:45:00,0.0
B,2025-07-11 01:00:00,0.0
B,2025-07-11 01:15:00,0.0
B,2025-07-11 01:30:00,0.0
B,2025-07-11 01:45:00,0.0
B,2025-07-11 02:00:00,0.0
B,2025-07-11 02:15:00,0.0
B,2025-07-11 02:30:00,0.0
B,2025-07-11 02:45:00,0.0
B,2025-07-11 03:00:00,0.0
B,2025-07-11 03:15:00,0.0
B,2025-07-11 03:30:00,0.0
B,2025-07-11 03:45:00,0.0
B,2025-07-11 04:00:00,0.0
B,2025-07-11 04:15:00,0.0
B,2025-07-11 04:30:00,0.0
B,2025-07-11 04:45:00,0.0
B,2025-07-11 05:00:00,0.0
B,2025-07-11 05:15:00,0.0
B,2025-07-11 05:30:00,0.0
B,2025-07-11 05:45:00,0.0
B,2025-07-11 06:00:00,0.0
B,2025-07-11 06:15:00,0.0
B,2025-07-11 06:30:00,0.0
B,2025-07-11 06:45:00,0.0
B,2025-07-11 07:00:00,0.0
B,2025-07-11 07:15:00,0.0
B,2025-07-11 07:30:00,0.0
B,2025-07-11 07:45:00,0.0
B,2025-07-11 08:00:00,0.0
B,2025-07-11 08:15:00,0.0
B,2025-07-11 08:30:00,0.0
B,2025-07-11 08:45:00,0.0
B,2025-07-11 09:00:00,0.0
B,2025-07-11 09:15:00,0.0
B,2025-07-11 09:30:00,0.0
B,2025-07-11 09:45:00,0.0
B,2025-07-11 10:00:00,0.0
B,2025-07-11 10:15:00,0.0
B,2025-07-11 10:30:00,0.0
B,2025-07-11 10:45:00,0.0
B,2025-07-11 11:00:00,0.0
B,2025-07-11 11:15:00,0.0
B,2025-07-11 11:30:00,0.0
B,2025-07-11 11:45:00,0.0
B,2025-07-11 12:00:00,0.0
B,2025-07-11 12:15:00,0.0
B,2025-07-11 12:30:00,0.0
B,2025-07-11 12:45:00,0.0
B,2025-07-11 13:00:00,0.0
B,2025-07-11 13:15:00,0.0
B,2025-07-11 13:30:00,0.0
B,2025-07-11 13:45:00,0.0
B,2025-07-11 14:00:00,0.0
B,2025-07-11 14:15:00,0.0
B,2025-07-11 14:30:00,0.0
B,2025-07-11 14:45:00,0.0
B,2025-07-11 15:00:00,0.0
B,2025-07-11 15:15:00,0.0
B,2025-07-11 15:30:00,0.0
B,2025-07-11 15:45:00,0.0
B,2025-07-11 16:00:00,0.0
B,2025-07-11 16:15:00,0.0
B,2025-07-11 16:30:00,0.0
B,2025-07-11 16:45:00,0.0
B,2025-07-11 17:00:00,0.0
B,2025-07-11 17:15:00,0.0
B,2025-07-11 17:30:00,0.0
B,2025-07-11 17:45:00,0.0
B,2025-07-11 18:00:00,0.0
B,2025-07-11 18:15:00,0.0
B,2025-07-11 18:30:00,0.0
B,2025-07-11 18:45:00,0.0
B,2025-07-11 19:00:00,0.0
B,2025-07-11 19:15:00,0.0
B,2025-07-11 19:30:00,0.0
B,2025-07-11 19:45:00,0.0
B,2025-07-11 20:00:00,0.0
B,2025-07-11 20:15:00,0.0
B,2025-07-11 20:30:00,0.0
B,2025-07-11 20:45:00,0.0
B,2025-07-11 21:00:00,0.0
B,2025-07-11 21:15:00,0.0
B,2025-07-11 21:30:00,0.0
B,2025-07-11 21:45:00,0.0
B,2025-07-11 22:00:00,0.0
B,2025-07-11 22:15:00,0.0
B,2025-07-11 22:30:00,0.0
B,2025-07-11 22:45:00,0.0
B,2025-07-11 23:00:00,0.0
B,2025-07-11 23:15:00,0.0
B,2025-07-11 23:30:00,0.0
B,2025-07-11 23:45:00,0.0
B,2025-07-12 00:00:00,0.0
B,2025-07-12 00:15:00,0.0
B,2025-07-12 00:30:00,0.0
B,2025-07-12 00:45:00,0.0
B,2025-07-12 01:00:00,0.0
B,2025-07-12 01:15:00,0.0
B,2025-07-12 01:30:00,0.0
B,2025-07-12 01:45:00,0.0
B,2025-07-12 02:00:00,0.0
B,2025-07-12 02:15:00,0.0
B,2025-07-12 02:30:00,0.0
B,2025-07-12 02:45:00,0.0
B,2025-07-12 03:00:00,0.0
B,2025-07-12 03:15:00,0.0
B,2025-07-12 03:30:00,0.0
B,2025-07-12 03:45:00,0.0
B,2025-07-12 04:00:00,0.0
B,2025-07-12 04:15:00,0.0
B,2025-07-12 04:30:00,0.0
B,2025-07-12 04:45:00,0.0
B,2025-07-12 05:00:00,0.0
B,2025-07-12 05:15:00,0.0
B,2025-07-12 05:30:00,0.0
B,2025-07-12 05:45:00,0.0
B,2025-07-12 06:00:00,0.0
B,2025-07-12 06:15:00,0.0
B,2025-07-12 06:30:00,0.0
B,2025-07-12 06:45:00,0.0
B,2025-07-12 07:00:00,0.0
B,2025-07-12 07:15:00,0.0
B,2025-07-12 07:30:00,0.0
B,2025-07-12 07:45:00,0.0
B,2025-07-12 08:00:00,0.0
B,2025-07-12 08:15:00,0.0
B,2025-07-12 08:30:00,0.0
B,2025-07-12 08:45:00,0.0
B,2025-07-12 09:00:00,0.0
B,2025-07-12 09:15:00,0.0
B,2025-07-12 09:30:00,0.0
B,2025-07-12 09:45:00,0.0
B,2025-07-12 10:00:00,0.0
B,2025-07-12 10:15:00,0.0
B,2025-07-12 10:30:00,0.0
B,2025-07-12 10:45:00,0.0
B,2025-07-12 11:00:00,0.0
B,2025-07-12 11:15:00,0.0
B,2025-07-12 11:30:00,0.0
B,2025-07-12 11:45:00,0.0
B,2025-07-12 12:00:00,0.0
B,2025-07-12 12:15:00,0.0
B,2025-07-12 12:30:00,0.0
B,2025-07-12 12:45:00,0.0
B,2025-07-12 13:00:00,0.0
B,2025-07-12 13:15:00,0.0
B,2025-07-12 13:30:00,0.0
B,2025-07-12 13:45:00,0.0
B,2025-07-12 14:00:00,0.0
B,2025-07-12 14:15:00,0.0
B,2025-07-12 14:30:00,0.0
B,2025-07-12 14:45:00,0.0
B,2025-07-12 15:00:00,0.0
B,2025-07-12 15:15:00,0.0
B,2025-07-12 15:30:00,0.0
B,2025-07-12 15:45:00,0.0
B,2025-07-12 16:00:00,0.0
B,2025-07-12 16:15:00,0.0
B,2025-07-12 16:30:00,0.0
B,2025-07-12 16:45:00,0.0
B,2025-07-12 17:00:00,0.0
B,2025-07-12 17:15:00,0.0
B,2025-07-12 17:30:00,0.0
B,2025-07-12 17:45:00,0.0
B,2025-07-12 18:00:00,0.0
B,2025-07-12 18:15:00,0.0
B,2025-07-12 18:30:00,0.0
B,2025-07-12 18:45:00,0.0
B,2025-07-12 19:00:00,0.0
B,2025-07-12 19:15:00,0.0
B,2025-07-12 19:30:00,0.0
B,2025-07-12 19:45:00,0.0
B,2025-07-12 20:00:00,0.0
B,2025-07-12 20:15:00,0.0
B,2025-07-12 20:30:00,0.0
B,2025-07-12 20:45:00,0.0
B,2025-07-12 21:00:00,0.0
B,2025-07-12 21:15:00,0.0
B,2025-07-12 21:30:00,0.0
B,2025-07-12 21:45:00,0.0
B,2025-07-12 22:00:00,0.0
B,2025-07-12 22:15:00,0.0
B,2025-07-12 22:30:00,0.0
B,2025-07-12 22:45:00,0.0
B,2025-07-12 23:00:00,0.0
B,2025-07-12 23:15:00,0.0
B,2025-07-12 23:30:00,0.0
B,2025-07-12 23:45:00,0.0
B,2025-07-13 00:00:00,0.0
B,2025-07-13 00:15:00,0.0
B,2025-07-13 00:30:00,0.0
B,2025-07-13 00:45:00,0.0
B,2025-07-13 01:00:00,0.0
B,2025-07-13 01:15:00,0.0
B,2025-07-13 01:30:00,0.0
B,2025-07-13 01:45:00,0.0
B,2025-07-13 02:00:00,0.0
B,2025-07-13 02:15:00,0.0
B,2025-07-13 02:30:00,0.0
B,2025-07-13 02:45:00,0.0
B,2025-07-13 03:00:00,0.0
B,2025-07-13 03:15:00,0.0
B,2025-07-13 03:30:00,0.0
B,2025-07-13 03:45:00,0.0
B,2025-07-13 04:00:00,0.0
B,2025-07-13 04:15:00,0.0
B,2025-07-13 04:30:00,0.0
B,2025-07-13 04:45:00,0.0
B,2025-07-13 05:00:00,0.0
B,2025-07-13 05:15:00,0.0
B,2025-07-13 05:30:00,0.0
B,2025-07-13 05:45:00,0.0
B,2025-07-13 06:00:00,0.0
B,2025-07-13 06:15:00,0.0
B,2025-07-13 06:30:00,0.0
B,2025-07-13 06:45:00,0.0
B,2025-07-13 07:00:00,0.0
B,2025-07-13 07:15:00,0.0
B,2025-07-13 07:30:00,0.0
B,2025-07-13 07:45:00,0.0
B,2025-07-13 08:00:00,0.0
B,2025-07-13 08:15:00,0.0
B,2025-07-13 08:30:00,0.0
B,2025-07-13 08:45:00,0.0
B,2025-07-13 09:00:00,0.0
B,2025-07-13 09:15:00,0.0
B,2025-07-13 09:30:00,0.0
B,2025-07-13 09:45:00,0.0
B,2025-07-13 10:00:00,0.0
B,2025-07-13 10:15:00,0.0
B,2025-07-13 10:30:00,0.0
B,2025-07-13 10:45:00,0.0
B,2025-07-13 11:00:00,0.0
B,2025-07-13 11:15:00,0.0
B,2025-07-13 11:30:00,0.0
B,2025-07-13 11:45:00,0.0
B,2025-07-13 12:00:00,0.0
B,2025-07-13 12:15:00,0.0
B,2025-07-13 12:30:00,0.0
B,2025-07-13 12:45:00,0.0
B,2025-07-13 13:00:00,0.0
B,2025-07-13 13:15:00,0.0
B,2025-07-13 13:30:00,0.0
B,2025-07-13 13:45:00,0.0
B,2025-07-13 14:00:00,0.0
B,2025-07-13 14:15:00,0.0
B,2025-07-13 14:30:00,0.0
B,2025-07-13 14:45:00,0.0
B,2025-07-13 15:00:00,0.0
B,2025-07-13 15:15:00,0.0
B,2025-07-13 15:30:00,0.0
B,2025-07-13 15:45:00,0.0
B,2025-07-13 16:00:00,0.0
B,2025-07-13 16:15:00,0.0
B,2025-07-13 16:30:00,0.0
B,2025-07-13 16:45:00,0.0
B,2025-07-13 17:00:00,0.0
B,2025-07-13 17:15:00,0.0
B,2025-07-13 17:30:00,0.0
B,2025-07-13 17:45:00,0.0
B,2025-07-13 18:00:00,0.0
B,2025-07-13 18:15:00,0.0
B,2025-07-13 18:30:00,0.0
B,2025-07-13 18:45:00,0.0
B,2025-07-13 19:00:00,0.0
B,2025-07-13 19:15:00,0.0
B,2025-07-13 19:30:00,0.0
B,2025-07-13 19:45:00,0.0
B,2025-07-13 20:00:00,0.0
B,2025-07-13 20:15:00,0.0
B,2025-07-13 20:30:00,0.0
B,2025-07-13 20:45:00,0.0
B,2025-07-13 21:00:00,0.0
B,2025-07-13 21:15:00,0.0
B,2025-07-13 21:30:00,0.0
B,2025-07-13 21:45:00,0.0
B,2025-07-13 22:00:00,0.0
B,2025-07-13 22:15:00,0.0
B,2025-07-13 22:30:00,0.0
B,2025-07-13 22:45:00,0.0
B,2025-07-13 23:00:00,0.0
B,2025-07-13 23:15:00,0.0
B,2025-07-13 23:30:00,0.0
B,2025-07-13 23:45:00,0.0
B,2025-07-14 00:00:00,0.0
B,2025-07-14 00:15:00,0.0
B,2025-07-14 00:30:00,0.0
B,2025-07-14 00:45:00,0.0
B,2025-07-14 01:00:00,0.0
B,2025-07-14 01:15:00,0.0
B,2025-07-14 01:30:00,0.0
B,2025-07-14 01:45:00,0.0
B,2025-07-14 02:00:00,0.0
B,2025-07-14 02:15:00,0.0
B,2025-07-14 02:30:00,0.0
B,2025-07-14 02:45:00,0.0
B,2025-07-14 03:00:00,0.0
B,2025-07-14 03:15:00,0.0
B,2025-07-14 03:30:00,0.0
B,2025-07-14 03:45:00,0.0
B,2025-07-14 04:00:00,0.0
B,2025-07-14 04:15:00,0.0
B,2025-07-14 04:30:00,0.0
B,2025-07-14 04:45:00,0.0
B,2025-07-14 05:00:00,0.0
B,2025-07-14 05:15:00,0.0
B,2025-07-14 05:30:00,0.0
B,2025-07-14 05:45:00,0.0
B,2025-07-14 06:00:00,0.0
B,2025-07-14 06:15:00,0.0
B,2025-07-14 06:30:00,0.0
B,2025-07-14 06:45:00,0.0
B,2025-07-14 07:00:00,0.0
B,2025-07-14 07:15:00,0.0
B,2025-07-14 07:30:00,0.0
B,2025-07-14 07:45:00,0.0
B,2025-07-14 08:00:00,0.0
B,2025-07-14 08:15:00,0.0
B,2025-07-14 08:30:00,0.0
B,2025-07-14 08:45:00,0.0
B,2025-07-14 09:00:00,0.0
B,2025-07-14 09:15:00,0.0
B,2025-07-14 09:30:00,0.0
B,2025-07-14 09:45:00,0.0
B,2025-07-14 10:00:00,0.0
B,2025-07-14 10:15:00,0.0
B,2025-07-14 10:30:00,0.0
B,2025-07-14 10:45:00,0.0
B,2025-07-14 11:00:00,0.0
B,2025-07-14 11:15:00,0.0
B,2025-07-14 11:30:00,0.0
B,2025-07-14 11:45:00,0.0
B,2025-07-14 12:00:00,0.0
B,2025-07-14 12:15:00,0.0
B,2025-07-14 12:30:00,0.0
B,2025-07-14 12:45:00,0.0
B,2025-07-14 13:00:00,0.0
B,2025-07-14 13:15:00,0.0
B,2025-07-14 13:30:00,0.0
B,2025-07-14 13:45:00,0.0
B,2025-07-14 14:00:00,0.0
B,2025-07-14 14:15:00,0.0
B,2025-07-14 14:30:00,0.0
B,2025-07-14 14:45:00,0.0
B,2025-07-14 15:00:00,0.0
B,2025-07-14 15:15:00,0.0
B,2025-07-14 15:30:00,0.0
B,2025-07-14 15:45:00,0.0
B,2025-07-14 16:00:00,0.0
B,2025-07-14 16:15:00,0.0
B,2025-07-14 16:30:00,0.0
B,2025-07-14 16:45:00,0.0
B,2025-07-14 17:00:00,0.0
B,2025-07-14 17:15:00,0.0
B,2025-07-14 17:30:00,0.0
B,2025-07-14 17:45:00,0.0
B,2025-07-14 18:00:00,0.0
B,2025-07-14 18:15:00,0.0
B,2025-07-14 18:30:00,0.0
B,2025-07-14 18:45:00,0.0
B,2025-07-14 19:00:00,0.0
B,2025-07-14 19:15:00,0.0
B,2025-07-14 19:30:00,0.0
B,2025-07-14 19:45:00,0.0
B,2025-07-14 20:00:00,0.0
B,2025-07-14 20:15:00,0.0
B,2025-07-14 20:30:00,0.0
B,2025-07-14 20:45:00,0.0
B,2025-07-14 21:00:00,0.0
B,2025-07-14 21:15:00,0.0
B,2025-07-14 21:30:00,0.0
B,2025-07-14 21:45:00,0.0
B,2025-07-14 22:00:00,0.0
B,2025-07-14 22:15:00,0.0
B,2025-07-14 22:30:00,0.0
B,2025-07-14 22:45:00,0.0
B,2025-07-14 23:00:00,0.0
B,2025-07-14 23:15:00,0.0
B,2025-07-14 23:30:00,0.0
B,2025-07-14 23:45:00,0.0
B,2025-07-15 00:00:00,0.0
B,2025-07-15 00:15:00,0.0
B,2025-07-15 00:30:00,0.0
B,2025-07-15 00:45:00,0.0
B,2025-07-15 01:00:00,0.0
B,2025-07-15 01:15:00,0.0
B,2025-07-15 01:30:00,0.0
B,2025-07-15 01:45:00,0.0
B,2025-07-15 02:00:00,0.0
B,2025-07-15 02:15:00,0.0
B,2025-07-15 02:30:00,0.0
B,2025-07-15 02:45:00,0.0
B,2025-07-15 03:00:00,0.0
B,2025-07-15 03:15:00,0.0
B,2025-07-15 03:30:00,0.0
B,2025-07-15 03:45:00,0.0
B,2025-07-15 04:00:00,0.0
B,2025-07-15 04:15:00,0.0
B,2025-07-15 04:30:00,0.0
B,2025-07-15 04:45:00,0.0
B,2025-07-15 05:00:00,0.0
B,2025-07-15 05:15:00,0.0
B,2025-07-15 05:30:00,0.0
B,2025-07-15 05:45:00,0.0
B,2025-07-15 06:00:00,0.0
B,2025-07-15 06:15:00,0.0
B,2025-07-15 06:30:00,0.0
B,2025-07-15 06:45:00,0.0
B,2025-07-15 07:00:00,0.0
B,2025-07-15 07:15:00,0.0
B,2025-07-15 07:30:00,0.0
B,2025-07-15 07:45:00,0.0
B,2025-07-15 08:00:00,0.0
B,2025-07-15 08:15:00,0.0
B,2025-07-15 08:30:00,0.0
B,2025-07-15 08:45:00,0.0
B,2025-07-15 09:00:00,0.0
B,2025-07-15 09:15:00,0.0
B,2025-07-15 09:30:00,0.0
B,2025-07-15 09:45:00,0.0
B,2025-07-15 10:00:00,0.0
B,2025-07-15 10:15:00,0.0
B,2025-07-15 10:30:00,0.0
B,2025-07-15 10:45:00,0.0
B,2025-07-15 11:00:00,0.0
B,2025-07-15 11:15:00,0.0
B,2025-07-15 11:30:00,0.0
B,2025-07-15 11:45:00,0.0
B,2025-07-15 12:00:00,0.0
B,2025-07-15 12:15:00,0.0
B,2025-07-15 12:30:00,0.0
B,2025-07-15 12:45:00,0.0
B,2025-07-15 13:00:00,0.0
B,2025-07-15 13:15:00,0.0
B,2025-07-15 13:30:00,0.0
B,2025-07-15 13:45:00,0.0
B,2025-07-15 14:00:00,0.0
B,2025-07-15 14:15:00,0.0
B,2025-07-15 14:30:00,0.0
B,2025-07-15 14:45:00,0.0
B,2025-07-15 15:00:00,0.0
B,2025-07-15 15:15:00,0.0
B,2025-07-15 15:30:00,0.0
B,2025-07-15 15:45:00,0.0
B,2025-07-15 16:00:00,0.0
B,2025-07-15 16:15:00,0.0
B,2025-07-15 16:30:00,0.0
B,2025-07-15 16:45:00,0.0
B,2025-07-15 17:00:00,0.0
B,2025-07-15 17:15:00,0.0
B,2025-07-15 17:30:00,0.0
B,2025-07-15 17:45:00,0.0
B,2025-07-15 18:00:00,0.0
B,2025-07-15 18:15:00,0.0
B,2025-07-15 18:30:00,0.0
B,2025-07-15 18:45:00,0.0
B,2025-07-15 19:00:00,0.0
C,2025-07-11 00:15:00,56.21381532477642
C,2025-07-11 00:30:00,42.054454462506854
C,2025-07-11 00:45:00,30.73755730757668
C,2025-07-11 01:00:00,23.14341014815016
C,2025-07-11 01:15:00,17.302019486450998
C,2025-07-11 01:30:00,18.095290181230308
C,2025-07-11 01:45:00,14.102308173436175
C,2025-07-11 02:00:00,12.942975354881549
C,2025-07-11 02:15:00,14.266581417299069
C,2025-07-11 02:30:00,11.209296763746536
C,2025-07-11 02:45:00,9.083897156779805
C,2025-07-11 03:00:00,9.008958806666154
C,2025-07-11 03:15:00,7.561226538322816
C,2025-07-11 03:30:00,8.963687515093168
C,2025-07-11 03:45:00,8.166781736000624
C,2025-07-11 04:00:00,7.85596099893558
C,2025-07-11 04:15:00,9.508018795178783
C,2025-07-11 04:30:00,7.563968111079997
C,2025-07-11 04:45:00,9.714482754727433
C,2025-07-11 05:00:00,13.761242797712798
C,2025-07-11 05:15:00,15.135882728688252
C,2025-07-11 05:30:00,24.31713399916927
C,2025-07-11 05:45:00,31.3367565685933
C,2025-07-11 06:00:00,38.03736097924655
C,2025-07-11 06:15:00,46.65528491116572
C,2025-07-11 06:30:00,52.26606750435668
C,2025-07-11 06:45:00,65.12013259256251
C,2025-07-11 07:00:00,72.72303702877609
C,2025-07-11 07:15:00,82.98924434320216
C,2025-07-11 07:30:00,99.01479743667001
C,2025-07-11 07:45:00,107.93590312869605
C,2025-07-11 08:00:00,110.44693236215201
C,2025-07-11 08:15:00,117.08090350420264
C,2025-07-11 08:30:00,134.9752762784388
C,2025-07-11 08:45:00,130.44274996165927
C,2025-07-11 09:00:00,148.83080193300222
C,2025-07-11 09:15:00,154.59352952490934
C,2025-07-11 09:30:00,171.61594580712193
C,2025-07-11 09:45:00,205.6950432999373
C,2025-07-11 10:00:00,215.09511535323702
C,2025-07-11 10:15:00,243.53392941992024
C,2025-07-11 10:30:00,230.84561584787252
C,2025-07-11 10:45:00,250.56858867964792
C,2025-07-11 11:00:00,261.2094227095974
C,2025-07-11 11:15:00,256.3081709780672
C,2025-07-11 11:30:00,253.7793305300485
C,2025-07-11 11:45:00,274.4596108681105
C,2025-07-11 12:00:00,296.6829728454714
C,2025-07-11 12:15:00,271.366425639209
C,2025-07-11 12:30:00,311.97437933079436
C,2025-07-11 12:45:00,299.4787786154281
C,2025-07-11 13:00:00,314.1042714963597
C,2025-07-11 13:15:00,286.8653893665881
C,2025-07-11 13:30:00,296.31380592588835
C,2025-07-11 13:45:00,265.9598597566519
C,2025-07-11 14:00:00,270.27789817679
C,2025-07-11 14:15:00,250.71907017554372
C,2025-07-11 14:30:00,256.11145969127784
C,2025-07-11 14:45:00,248.92489997323466
C,2025-07-11 15:00:00,241.01279940277485
C,2025-07-11 15:15:00,235.45231220941025
C,2025-07-11 15:30:00,235.89614818372357
C,2025-07-11 15:45:00,215.23427525360387
C,2025-07-11 16:00:00,219.8910598761245
C,2025-07-11 16:15:00,215.61732429877412
C,2025-07-11 16:30:00,228.12879625520776
C,2025-07-11 16:45:00,221.616426423105
C,2025-07-11 17:00:00,215.30088161315663
C,2025-07-11 17:15:00,220.9998524735847
C,2025-07-11 17:30:00,223.50905201847533
C,2025-07-11 17:45:00,233.667588777468
C,2025-07-11 18:00:00,237.87336233086307
C,2025-07-11 18:15:00,251.7450594016425
C,2025-07-11 18:30:00,257.7945694897055
C,2025-07-11 18:45:00,251.53261325343513
C,2025-07-11 19:00:00,279.75814702437026
C,2025-07-11 19:15:00,282.90830733051826
C,2025-07-11 19:30:00,318.25691246926715
C,2025-07-11 19:45:00,321.278353672913
C,2025-07-11 20:00:00,329.2390943274214
C,2025-07-11 20:15:00,310.58621498876244
C,2025-07-11 20:30:00,322.3225851244652
C,2025-07-11 20:45:00,299.45980612976814
C,2025-07-11 21:00:00,295.9897382023681
C,2025-07-11 21:15:00,279.9319632205742
C,2025-07-11 21:30:00,279.76194660149525
C,2025-07-11 21:45:00,251.41744073221315
C,2025-07-11 22:00:00,238.9472031465275
C,2025-07-11 22:15:00,221.5573105169793
C,2025-07-11 22:30:00,201.8034632835412
C,2025-07-11 22:45:00,174.63696401271503
C,2025-07-11 23:00:00,157.83925618616462
C,2025-07-11 23:15:00,127.57738902750368
C,2025-07-11 23:30:00,108.91255177497803
C,2025-07-11 23:45:00,80.44993951516231
C,2025-07-12 00:00:00,80.7961953616722
C,2025-07-12 00:15:00,64.7471322738771
C,2025-07-12 00:30:00,48.29154785008164
C,2025-07-12 00:45:00,35.19155343073689
C,2025-07-12 01:00:00,26.420079013599274
C,2025-07-12 01:15:00,19.695560501312798
C,2025-07-12 01:30:00,20.541323350317228
C,2025-07-12 01:45:00,15.965052430570973
C,2025-07-12 02:00:00,14.61359131378919
C,2025-07-12 02:15:00,16.0660937282615
C,2025-07-12 02:30:00,12.591011263649937
C,2025-07-12 02:45:00,10.178179933450242
C,2025-07-12 03:00:00,10.06958280614363
C,2025-07-12 03:15:00,8.431228857902397
C,2025-07-12 03:30:00,9.971704234510364
C,2025-07-12 03:45:00,9.064409220314404
C,2025-07-12 04:00:00,8.69991684250955
C,2025-07-12 04:15:00,10.506400129856495
C,2025-07-12 04:30:00,8.340309409080144
C,2025-07-12 04:45:00,10.689089896449103
C,2025-07-12 05:00:00,15.110779105597764
C,2025-07-12 05:15:00,16.58686315857978
C,2025-07-12 05:30:00,26.59591574542742
C,2025-07-12 05:45:00,34.2074735354721
C,2025-07-12 06:00:00,41.44381032132523
C,2025-07-12 06:15:00,50.739951938462994
C,2025-07-12 06:30:00,56.7395807632408
C,2025-07-12 06:45:00,70.5692467764314
C,2025-07-12 07:00:00,78.67243219348192
C,2025-07-12 07:15:00,89.6269968776155
C,2025-07-12 07:30:00,106.75773698720621
C,2025-07-12 07:45:00,116.18841420006171
C,2025-07-12 08:00:00,118.70343250538684
C,2025-07-12 08:15:00,125.6386241886188
C,2025-07-12 08:30:00,144.62163409104772
C,2025-07-12 08:45:00,139.55810141211145
C,2025-07-12 09:00:00,159.00025731267468
C,2025-07-12 09:15:00,164.92243976653697
C,2025-07-12 09:30:00,182.82801865591844
C,2025-07-12 09:45:00,218.83590357090486
C,2025-07-12 10:00:00,228.5323124772147
C,2025-07-12 10:15:00,258.4111607275047
C,2025-07-12 10:30:00,244.6359554080548
C,2025-07-12 10:45:00,265.2064187448813
C,2025-07-12 11:00:00,276.1319225048587
C,2025-07-12 11:15:00,270.62753254348394
C,2025-07-12 11:30:00,267.6447042328116
C,2025-07-12 11:45:00,289.1243197593817
C,2025-07-12 12:00:00,312.18586471748455
C,2025-07-12 12:15:00,285.23419488081936
C,2025-07-12 12:30:00,327.5664934743543
C,2025-07-12 12:45:00,314.11715088793176
C,2025-07-12 13:00:00,329.1199927921022
C,2025-07-12 13:15:00,300.2776192086965
C,2025-07-12 13:30:00,309.8635142882284
C,2025-07-12 13:45:00,277.8545744506024
C,2025-07-12 14:00:00,282.1004951596491
C,2025-07-12 14:15:00,261.4455837022213
C,2025-07-12 14:30:00,266.82846487206547
C,2025-07-12 14:45:00,259.11293050847183
C,2025-07-12 15:00:00,250.66094020904293
C,2025-07-12 15:15:00,244.67148990680948
C,2025-07-12 15:30:00,244.9305574173728
C,2025-07-12 15:45:00,223.29703875018353
C,2025-07-12 16:00:00,227.94813572045908
C,2025-07-12 16:15:00,223.34510253765802
C,2025-07-12 16:30:00,236.12632618483892
C,2025-07-12 16:45:00,229.2159444189911
C,2025-07-12 17:00:00,222.52261970859448
C,2025-07-12 17:15:00,228.25094005342052
C,2025-07-12 17:30:00,230.68244899082168
C,2025-07-12 17:45:00,241.00343258281458
C,2025-07-12 18:00:00,245.17839996344094
C,2025-07-12 18:15:00,259.30756619832096
C,2025-07-12 18:30:00,265.37004367036883
C,2025-07-12 18:45:00,258.76305098569196
C,2025-07-12 19:00:00,287.6248035611052
C,2025-07-12 19:15:00,290.69034216952946
C,2025-07-12 19:30:00,326.82074455374294
C,2025-07-12 19:45:00,329.7353732118664
C,2025-07-12 20:00:00,337.717135476326
C,2025-07-12 20:15:00,318.4100048365097
C,2025-07-12 20:30:00,330.2654867677618
C,2025-07-12 20:45:00,306.67890426733624
C,2025-07-12 21:00:00,302.9701248471683
C,2025-07-12 21:15:00,286.3902323213999
C,2025-07-12 21:30:00,286.0761048770489
C,2025-07-12 21:45:00,256.9686513093121
C,2025-07-12 22:00:00,244.10853736454274
C,2025-07-12 22:15:00,226.2391449259135
C,2025-07-12 22:30:00,205.9753323460555
C,2025-07-12 22:45:00,178.16889676212492
C,2025-07-12 23:00:00,160.96222423601503
C,2025-07-12 23:15:00,130.04686330465378
C,2025-07-12 23:30:00,110.97502817362731
C,2025-07-12 23:45:00,81.94039484928425
C,2025-07-13 00:00:00,82.26062407305893
C,2025-07-13 00:15:00,65.89524304913284
C,2025-07-13 00:30:00,49.129312674921884
C,2025-07-13 00:45:00,35.788834769261484
C,2025-07-13 01:00:00,26.85877722591586
C,2025-07-13 01:15:00,20.015518548259823
C,2025-07-13 01:30:00,20.867796681337385
C,2025-07-13 01:45:00,16.21330048990736
C,2025-07-13 02:00:00,14.83590708871112
C,2025-07-13 02:15:00,16.305217626453924
C,2025-07-13 02:30:00,12.7743584211603
C,2025-07-13 02:45:00,10.323185963813398
C,2025-07-13 03:00:00,10.20993889013938
C,2025-07-13 03:15:00,8.54620716037096
C,2025-07-13 03:30:00,10.10474999662767
C,2025-07-13 03:45:00,9.182734943185531
C,2025-07-13 04:00:00,8.811029645373141
C,2025-07-13 04:15:00,10.637684668414638
C,2025-07-13 04:30:00,8.442275020653405
C,2025-07-13 04:45:00,10.816947177672587
C,2025-07-13 05:00:00,15.28762133636789
C,2025-07-13 05:15:00,16.776786777616604
C,2025-07-13 05:30:00,26.893867825632334
C,2025-07-13 05:45:00,34.58242096085056
C,2025-07-13 06:00:00,41.88826560808605
C,2025-07-13 06:15:00,51.27235257931481
C,2025-07-13 06:30:00,57.322080632157174
C,2025-07-13 06:45:00,71.2780854954232
C,2025-07-13 07:00:00,79.44560717772116
C,2025-07-13 07:15:00,90.48882038140928
C,2025-07-13 07:30:00,107.76213097230435
C,2025-07-13 07:45:00,117.25794620449818
C,2025-07-13 08:00:00,119.77254005302035
C,2025-07-13 08:15:00,126.74578159174162
C,2025-07-13 08:30:00,145.86858236923928
C,2025-07-13 08:45:00,140.73543650361555
C,2025-07-13 09:00:00,160.3126795686279
C,2025-07-13 09:15:00,166.25438717547945
C,2025-07-13 09:30:00,184.27273462107172
C,2025-07-13 09:45:00,220.52786904517134
C,2025-07-13 10:00:00,230.2611513767703
C,2025-07-13 10:15:00,260.3238875291612
C,2025-07-13 10:30:00,246.40768519314665
C,2025-07-13 10:45:00,267.0857247083158
C,2025-07-13 11:00:00,278.04647405561576
C,2025-07-13 11:15:00,272.46347946792406
C,2025-07-13 11:30:00,269.42128595088747
C,2025-07-13 11:45:00,291.00212361681923
C,2025-07-13 12:00:00,314.1697592060731
C,2025-07-13 12:15:00,287.0077606904218
C,2025-07-13 12:30:00,329.55939669749904
C,2025-07-13 12:45:00,315.9870579796371
C,2025-07-13 13:00:00,331.0370050679997
C,2025-07-13 13:15:00,301.9889597499924
C,2025-07-13 13:30:00,311.59144906669167
C,2025-07-13 13:45:00,279.3706416583717
C,2025-07-13 14:00:00,283.6065795548853
C,2025-07-13 14:15:00,262.8113357927301
C,2025-07-13 14:30:00,268.192320371378
C,2025-07-13 14:45:00,260.4088303847098
C,2025-07-13 15:00:00,251.88757618778564
C,2025-07-13 15:15:00,245.8430365233319
C,2025-07-13 15:30:00,246.07809479733376
C,2025-07-13 15:45:00,224.32069696531605
C,2025-07-13 16:00:00,228.9706200673053
C,2025-07-13 16:15:00,224.3253734754927
C,2025-07-13 16:30:00,237.14038611591366
C,2025-07-13 16:45:00,230.1791389213163
C,2025-07-13 17:00:00,223.43756204408274
C,2025-07-13 17:15:00,229.169236583155
C,2025-07-13 17:30:00,231.59055414840455
C,2025-07-13 17:45:00,241.93174987547062
C,2025-07-13 18:00:00,246.10247542177913
C,2025-07-13 18:15:00,260.2638632615111
C,2025-07-13 18:30:00,266.32763963990817
C,2025-07-13 18:45:00,259.67671354077015
C,2025-07-13 19:00:00,288.6185221396346
C,2025-07-13 19:15:00,291.67304349553154
C,2025-07-13 19:30:00,327.9018169155159
C,2025-07-13 19:45:00,330.8026209378858
C,2025-07-13 20:00:00,338.78670168975987
C,2025-07-13 20:15:00,319.39673064635093
C,2025-07-13 20:30:00,331.26693498067027
C,2025-07-13 20:45:00,307.588828097101
C,2025-07-13 21:00:00,303.84970835365
C,2025-07-13 21:15:00,287.2037966631579
C,2025-07-13 21:30:00,286.8712968924762
C,2025-07-13 21:45:00,257.6675714882027
C,2025-07-13 22:00:00,244.75819969950666
C,2025-07-13 22:15:00,226.82830055175566
C,2025-07-13 22:30:00,206.5001824837216
C,2025-07-13 22:45:00,178.61312900765228
C,2025-07-13 23:00:00,161.35492386782684
C,2025-07-13 23:15:00,130.35731569023628
C,2025-07-13 23:30:00,111.23425456755761
C,2025-07-13 23:45:00,82.12768333603643
C,2025-07-14 00:00:00,82.44460141329544
C,2025-07-14 00:15:00,66.03944991453275
C,2025-07-14 00:30:00,49.234516691611255
C,2025-07-14 00:45:00,35.86382404714335
C,2025-07-14 01:00:00,26.913845066200206
C,2025-07-14 01:15:00,20.05567349526578
C,2025-07-14 01:30:00,20.908761347231124
C,2025-07-14 01:45:00,16.24444382097466
C,2025-07-14 02:00:00,14.863791966308728
C,2025-07-14 02:15:00,16.335205276678245
C,2025-07-14 02:30:00,12.797347222205735
C,2025-07-14 02:45:00,10.341364233698599
C,2025-07-14 03:00:00,10.22753123341269
C,2025-07-14 03:15:00,8.560616228413299
C,2025-07-14 03:30:00,10.121420555137899
C,2025-07-14 03:45:00,9.197558720952436
C,2025-07-14 04:00:00,8.824947616918282
C,2025-07-14 04:15:00,10.654126832989133
C,2025-07-14 04:30:00,8.455043351552861
C,2025-07-14 04:45:00,10.832955368468669
C,2025-07-14 05:00:00,15.309759445350785
C,2025-07-14 05:15:00,16.800559154035955
C,2025-07-14 05:30:00,26.93115679963188
C,2025-07-14 05:45:00,34.62933967022793
C,2025-07-14 06:00:00,41.94387481202339
C,2025-07-14 06:15:00,51.33895673319595
C,2025-07-14 06:30:00,57.39494310731069
C,2025-07-14 06:45:00,71.36674025061586
C,2025-07-14 07:00:00,79.54229684344114
C,2025-07-14 07:15:00,90.596583309423
C,2025-07-14 07:30:00,107.88770650673793
C,2025-07-14 07:45:00,117.3916505968777
C,2025-07-14 08:00:00,119.90617661537173
C,2025-07-14 08:15:00,126.88415935538151
C,2025-07-14 08:30:00,146.02441536723424
C,2025-07-14 08:45:00,140.88255460361407
C,2025-07-14 09:00:00,160.47666135098586
C,2025-07-14 09:15:00,166.42079204646683
C,2025-07-14 09:30:00,184.45321055366932
C,2025-07-14 09:45:00,220.73921166587652
C,2025-07-14 10:00:00,230.47707977908613
C,2025-07-14 10:15:00,260.56276143370224
C,2025-07-14 10:30:00,246.62893078065247
C,2025-07-14 10:45:00,267.3203834940653
C,2025-07-14 11:00:00,278.2855134052264
C,2025-07-14 11:15:00,272.69268561271804
C,2025-07-14 11:30:00,269.6430626424763
C,2025-07-14 11:45:00,291.2365175011419
C,2025-07-14 12:00:00,314.41737634511315
C,2025-07-14 12:15:00,287.22910901938207
C,2025-07-14 12:30:00,329.80810064051
C,2025-07-14 12:45:00,316.2203955698249
C,2025-07-14 13:00:00,331.27620358025564
C,2025-07-14 13:15:00,302.20248025451525
C,2025-07-14 13:30:00,311.80702521845393
C,2025-07-14 13:45:00,279.55977264303226
C,2025-07-14 14:00:00,283.79445283758673
C,2025-07-14 14:15:00,262.98169267629004
C,2025-07-14 14:30:00,268.36242998902475
C,2025-07-14 14:45:00,260.5704541574444
C,2025-07-14 15:00:00,252.0405522039337
C,2025-07-14 15:15:00,245.98913363802475
C,2025-07-14 15:30:00,246.22118960405797
C,2025-07-14 15:45:00,224.448337175585
C,2025-07-14 16:00:00,229.09810687090194
C,2025-07-14 16:15:00,224.4475903675591
C,2025-07-14 16:30:00,237.26680902466853
C,2025-07-14 16:45:00,230.29921422427523
C,2025-07-14 17:00:00,223.55161628586254
C,2025-07-14 17:15:00,229.28370328130467
C,2025-07-14 17:30:00,231.70374499560148
C,2025-07-14 17:45:00,242.04745457965046
C,2025-07-14 18:00:00,246.21764608340715
C,2025-07-14 18:15:00,260.38304439996983
C,2025-07-14 18:30:00,266.44697735616353
C,2025-07-14 18:45:00,259.7905712283757
C,2025-07-14 19:00:00,288.74235088347154
C,2025-07-14 19:15:00,291.7954942658665
C,2025-07-14 19:30:00,328.03651984906446
C,2025-07-14 19:45:00,330.9355960046598
C,2025-07-14 20:00:00,338.9199604337941
C,2025-07-14 20:15:00,319.519663497247
C,2025-07-14 20:30:00,331.3916973867807
C,2025-07-14 20:45:00,307.702184071303
C,2025-07-14 21:00:00,303.95928068994135
C,2025-07-14 21:15:00,287.3051412492286
C,2025-07-14 21:30:00,286.9703494715578
C,2025-07-14 21:45:00,257.7546291112796
C,2025-07-14 22:00:00,244.83911910362076
C,2025-07-14 22:15:00,226.90168112216344
C,2025-07-14 22:30:00,206.56555161835539
C,2025-07-14 22:45:00,178.6684556301284
C,2025-07-14 23:00:00,161.40383092355518
C,2025-07-14 23:15:00,130.39597848565262
C,2025-07-14 23:30:00,111.26653690466814
C,2025-07-14 23:45:00,82.1510063460547
C,2025-07-15 00:00:00,82.46751145527944
C,2025-07-15 00:15:00,66.05740699686199
C,2025-07-15 00:30:00,49.24761667358237
C,2025-07-15 00:45:00,35.87316145509383
C,2025-07-15 01:00:00,26.920701751741
C,2025-07-15 01:15:00,20.06067320172952
C,2025-07-15 01:30:00,20.91386174867393
C,2025-07-15 01:45:00,16.248321302377327
C,2025-07-15 02:00:00,14.867263675525471
C,2025-07-15 02:15:00,16.33893869961718
C,2025-07-15 02:30:00,12.800209234157839
C,2025-07-15 02:45:00,10.34362730502249
C,2025-07-15 03:00:00,10.22972131432973
C,2025-07-15 03:15:00,8.562409984287655
C,2025-07-15 03:30:00,10.123495797202873
C,2025-07-15 03:45:00,9.199404028952857
C,2025-07-15 04:00:00,8.82668013372482
C,2025-07-15 04:15:00,10.656173523741892
C,2025-07-15 04:30:00,8.45663270053414
C,2025-07-15 04:45:00,10.834947965443769
C,2025-07-15 05:00:00,15.312515006050871
C,2025-07-15 05:15:00,16.803518082545303
C,2025-07-15 05:30:00,26.935798048791643
C,2025-07-15 05:45:00,34.63517940660194
C,2025-07-15 06:00:00,41.9507960973636
C,2025-07-15 06:15:00,51.347246349618956
C,2025-07-15 06:30:00,57.4040114982279
C,2025-07-15 06:45:00,71.37777396372022
C,2025-07-15 07:00:00,79.55433037756035
C,2025-07-15 07:15:00,90.60999477194659
C,2025-07-15 07:30:00,107.90333458407994
C,2025-07-15 07:45:00,117.40829008970348
C,2025-07-15 08:00:00,119.92280743793523
C,2025-07-15 08:15:00,126.90137997980877
C,2025-07-15 08:30:00,146.0438079785003
C,2025-07-15 08:45:00,140.9008624548467
C,2025-07-15 09:00:00,160.49706751586754
C,2025-07-15 09:15:00,166.44149948890802
C,2025-07-15 09:30:00,184.47566872946953
C,2025-07-15 09:45:00,220.76551053888318
C,2025-07-15 10:00:00,230.50394898292586
C,2025-07-15 10:15:00,260.59248554099247
C,2025-07-15 10:30:00,246.65646101576988
C,2025-07-15 10:45:00,267.3495824562415
C,2025-07-15 11:00:00,278.3152571324765
C,2025-07-15 11:15:00,272.7212054958718
C,2025-07-15 11:30:00,269.6706578062953
C,2025-07-15 11:45:00,291.26568230349733
C,2025-07-15 12:00:00,314.44818617078914
C,2025-07-15 12:15:00,287.25665007967694
C,2025-07-15 12:30:00,329.83904510964095
C,2025-07-15 12:45:00,316.2494278481338
C,2025-07-15 13:00:00,331.30596481966546
C,2025-07-15 13:15:00,302.229046387279
C,2025-07-15 13:30:00,311.83384688509904
C,2025-07-15 13:45:00,279.58330384451233
C,2025-07-15 14:00:00,283.81782736794935
C,2025-07-15 14:15:00,263.00288770865694
C,2025-07-15 14:30:00,268.3835940920946
C,2025-07-15 14:45:00,260.5905623444094
C,2025-07-15 15:00:00,252.05958435023902
C,2025-07-15 15:15:00,246.0073098289613
C,2025-07-15 15:30:00,246.2389921450417
C,2025-07-15 15:45:00,224.46421688622297
C,2025-07-15 16:00:00,229.1139673872872
C,2025-07-15 16:15:00,224.46279515688985
C,2025-07-15 16:30:00,237.2825369737265
C,2025-07-15 16:45:00,230.31415238788244
C,2025-07-15 17:00:00,223.56580530019787
C,2025-07-15 17:15:00,229.29794351987607
C,2025-07-15 17:30:00,231.71782642692995
C,2025-07-15 17:45:00,242.0618486607425
C,2025-07-15 18:00:00,246.23197364496824
C,2025-07-15 18:15:00,260.39787079262425
C,2025-07-15 18:30:00,266.46182314536844
C,2025-07-15 18:45:00,259.8047352172578
C,2025-07-15 19:00:00,288.7577551983168
